{"cameraMode":{"drawMode":0,"name":"Shaded","section":"Shading Mode"},"sceneLighting":true,"audioPlay":false,"sceneViewState":{"m_AlwaysRefresh":false,"showFog":true,"showSkybox":true,"showFlares":true,"showImageEffects":true,"showParticleSystems":true,"showVisualEffectGraphs":true,"m_FxEnabled":true},"in2DMode":false,"pivot":{"x":5.979916572570801,"y":6.167104721069336,"z":5.0474371910095219},"rotation":{"x":0.004819678142666817,"y":-0.8946263790130615,"z":0.009675221517682076,"w":0.4467616379261017},"size":1.999441385269165,"orthographic":false}