{"cameraMode":{"drawMode":0,"name":"Shaded","section":"Shading Mode"},"sceneLighting":true,"audioPlay":false,"sceneViewState":{"m_AlwaysRefresh":false,"showFog":true,"showSkybox":true,"showFlares":true,"showImageEffects":true,"showParticleSystems":true,"showVisualEffectGraphs":true,"m_FxEnabled":true},"in2DMode":false,"pivot":{"x":-8.817301750183106,"y":0.7433055639266968,"z":-8.224742889404297},"rotation":{"x":0.0034356696996837856,"y":-0.9929245710372925,"z":0.11550510674715042,"w":0.029136328026652337},"size":21.931724548339845,"orthographic":false}